alpha_deg,lambda0,lambda0_residual,lambda,lambda_residual,lambda1,lambda1_residual,lambda2,lambda2_residual,lambda1_symmetry,lambda1_symmetry_residual,lambda1_D1_printed,lambda1_D1_printed_residual,lambda1_symmetry_error
1.0,-0.010171317169620827,9.714920653960263e-11,-0.9624262114546005,5.110003652858408e-11,-0.49793059563007214,7.116694386577471e-13,-0.4999997886657757,8.291914774325742e-11,-0.49793059563007214,1.4233050502077127e-12,,,0.0
2.0,-0.020036138597080203,6.807198815045323e-11,-0.9464216524485198,8.893750427958758e-11,-0.4958869213926863,3.766395181847848e-12,-0.49999830551150853,6.447256987496375e-11,-0.4958869213926863,7.532892712380779e-12,,,0.0
3.0,-0.02951696364092321,5.650274172153136e-11,-0.9338299428004516,3.4067449816016504e-11,-0.4938658440863061,4.235101158656107e-11,-0.4999942728043748,6.339182377689754e-11,-0.4938658440863061,8.470208562316728e-11,,,0.0
4.0,-0.03855447032662815,6.34402912147447e-11,-0.9229462882329685,3.809226632039975e-11,-0.4918643053251437,1.1578321634786448e-11,-0.49998639526394395,2.2956360038817528e-11,-0.4918643053251437,2.3156983275374188e-11,,,0.0
5.0,-0.04710606889522016,6.605498786838027e-11,-0.9131146752704212,1.1314582951116314e-11,-0.48987931781983013,5.377663592209814e-12,-0.49997335538917426,1.6283007535085152e-11,-0.48987931781983013,1.0755327184419627e-11,,,0.0
6.0,-0.05514382183962868,4.2338639538730405e-11,-0.9040004550242386,2.984716640508367e-11,-0.48790796108588064,9.053868765818152e-12,-0.4999538039216697,1.7799886984823897e-11,-0.48790796108588064,1.810762650933384e-11,,,0.0
7.0,-0.06265210687813796,1.975902774731253e-11,-0.8954056794240395,9.160600056290491e-11,-0.4859473773428964,4.983825852011847e-12,-0.4999263523116536,2.08407446302631e-11,-0.4859473773428964,9.968179059960391e-12,,,0.0
8.0,-0.06962529299317556,9.220988556046805e-11,-0.8872017874524973,8.830862430198039e-11,-0.48399476717534456,7.504397103730298e-11,-0.49988956456405265,6.654061524870303e-13,-0.48399476718726553,2.4286211930402146e-11,,,1.1920964215761387e-11
9.0,-0.07606560048155693,6.58019749799621e-11,-0.8792996641593067,6.696224130742223e-11,-0.4820473853125512,4.10663725247673e-11,-0.49984194889384714,7.032809415125768e-11,-0.4820473853125512,8.213246749377845e-11,,,0.0
10.0,-0.08198122927330903,1.2291986872803307e-11,-0.8716344816267583,5.075856401859369e-12,-0.4801025360510636,3.879468968293054e-11,-0.49978194938142095,3.64657035036714e-11,-0.4801025360510636,7.75890740545293e-11,,,0.0
11.0,-0.08738478632275437,9.880528339945016e-11,-0.8641572768812829,8.976125398518775e-12,-0.4781575691061678,5.005795777890398e-11,-0.49970793705570693,4.92229332380717e-11,-0.4781575691180887,7.596911988372312e-11,,,1.1920908704610156e-11
12.0,-0.0922920028688971,2.244786301286439e-11,-0.8568299376647318,2.2590013193379832e-11,-0.4762098750580931,4.753594740058986e-11,-0.4996182015495366,8.929690428934045e-11,-0.4762098750580931,9.50715062231211e-11,,,0.0
13.0,-0.09672071476686467,6.042029376818192e-11,-0.8496220497778835,2.4763996409049582e-11,-0.4742568809651111,6.124240004012904e-11,-0.499510941562897,5.979475725323424e-11,-0.474256880977032,8.753359148627737e-11,,,1.1920908704610156e-11
14.0,-0.10069007005609172,3.6225883404128467e-12,-0.8425088255091372,2.7515267841948798e-11,-0.47229604611968434,7.688044645348668e-11,-0.4993842560414439,4.1379360875282156e-11,-0.47229604610776343,7.326950157704459e-11,,,1.1920908704610156e-11
15.0,-0.10421992528449055,3.2626623625020557e-11,-0.8354696921011833,1.3427647882480187e-11,-0.4703248574946717,3.410566273842619e-11,-0.4992361344728655,3.517091132221317e-13,-0.4703248574946717,6.821143649915484e-11,,,0.0
16.0,-0.10733039580333588,2.6646629347482076e-11,-0.8284873005973071,9.353573471315713e-11,-0.468340825571004,7.390699163778436e-12,-0.4990644472786141,3.826616974678121e-11,-0.468340825571004,1.4781509349859334e-11,,,0.0
17.0,-0.11004152841856209,1.7632145743462502e-11,-0.821546811110186,4.94673191298034e-11,-0.4663414799269393,4.514538742839136e-11,-0.4988669358003255,4.515101487134743e-11,-0.4663414799269393,9.029066383448026e-11,,,0.0
18.0,-0.11237306998169533,6.383787942709773e-11,-0.8146353662506274,2.7267660351881773e-11,-0.46432436495845064,1.808725391683197e-11,-0.4986412021908724,9.867038783251125e-11,-0.46432436495845064,3.617428578905901e-11,,,0.0
19.0,-0.11434431020048737,1.678490679779543e-11,-0.8077416947805297,5.863667884575818e-11,-0.4622870355757696,4.429095978863984e-11,-0.4983846991385224,1.5344134816908106e-11,-0.4622870355757696,8.858236366648953e-11,,,0.0
20.0,-0.11597398076401672,9.422726487962052e-11,-0.800855808535191,3.152533789574363e-11,-0.46022705292377386,2.3260282588921655e-11,-0.4980947190188949,6.862465977419685e-11,-0.46022705292377386,4.65208982447507e-11,,,0.0
21.0,-0.11728019728776572,1.6812662373411058e-12,-0.7939687669611243,7.955991421226827e-11,-0.45814198012621543,2.7352342613085057e-11,-0.49776838347606706,3.071678328359084e-11,-0.45814198012621543,5.470579544919474e-11,,,0.0
22.0,-0.11828043232463815,9.374906406733885e-11,-0.7870724913403067,5.001049574460126e-11,-0.4560293779703434,2.3031687668151335e-11,-0.49740263224074444,3.9416640090772503e-11,-0.4560293779703434,4.606381942551252e-11,,,0.0
23.0,-0.118991511693313,8.107875482110671e-12,-0.7801596166845579,7.984590766341171e-11,-0.45388680063921344,2.933175924368925e-11,-0.4969942124014244,8.166082393623597e-11,-0.45388680063921344,5.866396257658835e-11,,,0.0
24.0,-0.11942962663759181,1.867497823049291e-11,-0.7732233720494179,3.070882437228306e-11,-0.4517117913486264,6.005440589262889e-11,-0.4965396671271979,4.09894757025242e-11,-0.45171179135458683,7.621459019446775e-11,,,5.960454352305078e-12
25.0,-0.11961035742983744,7.794298539920419e-11,-0.7662574826633222,1.5800916131070153e-11,-0.4495018780555939,6.873168700849419e-11,-0.4960353248435452,9.608114651116217e-11,-0.4495018780496334,6.663336549195265e-11,,,5.960509863456309e-12
26.0,-0.11954870391239372,8.412709417982e-11,-0.7592560894374902,2.8984870059645118e-11,-0.4472545689760702,6.662925766676153e-11,-0.4954772882889254,8.560640044064094e-11,-0.44725456897010973,7.846767680064204e-11,,,5.960454352305078e-12
27.0,-0.11925912030669705,1.1791401188787631e-11,-0.7522136818034131,1.1187273329937852e-11,-0.44496734819804995,8.654876815228363e-11,-0.4948614235713613,1.668357466066972e-11,-0.4449673481920895,4.6102011097559625e-11,,,5.960454352305078e-12
28.0,-0.11875555183436949,3.334738041260721e-11,-0.7451250412791779,9.62707691343212e-11,-0.4426376711039308,2.717459590684257e-11,-0.4941833499879684,1.5451157714396757e-11,-0.4426376711039308,5.4350746125919613e-11,,,0.0
29.0,-0.11805147126678604,7.25969839798779e-11,-0.737985193642701,7.188527550994195e-12,-0.44026295978095686,8.541778395709798e-11,-0.49343842977295516,9.253579152934677e-11,-0.4402629597749964,6.281464237645196e-11,,,5.960454352305078e-12
30.0,-0.11715991427062873,1.0494938251781605e-12,-0.7307893681383093,9.260769928687296e-11,-0.4378405982588074,6.64945876138745e-12,-0.49262175856087964,1.3639214757610318e-11,-0.4378405982588074,1.3299583656589675e-11,,,0.0
31.0,-0.11609351232157027,6.27777829720344e-11,-0.7235329621907938,3.725142416755034e-11,-0.43536792771142285,6.341560609968155e-11,-0.49172815658900554,2.959420208892283e-11,-0.4353679277144031,3.1534774791452946e-12,,,2.980227176152539e-12
32.0,-0.11486452233970315,4.963685018566366e-11,-0.7162115107924616,5.176015172025927e-11,-0.43284224145021466,9.093181763120128e-11,-0.49075216054338583,3.3331587490081915e-11,-0.4328422414561751,7.20246084995324e-11,,,5.960454352305078e-12
33.0,-0.1134848525102715,7.395667411813633e-11,-0.7088206597883351,4.9579229610685616e-12,-0.4302607797980666,5.5999649362092896e-11,-0.4896880164301472,9.464556222082976e-11,-0.43026077979508637,1.8107071397821528e-11,,,2.980227176152539e-12
34.0,-0.11196608372942092,5.7038929135444505e-11,-0.7013561421892698,3.1761926422291253e-11,-0.4276207247487579,6.3513638792755955e-12,-0.48852967375807776,9.018367302937591e-11,-0.4276207247487579,1.2702949803156116e-11,,,0.0
35.0,-0.11031948655576031,3.433198170199603e-12,-0.6938137571791942,1.260780368994574e-11,-0.4249191945071781,1.415334516252642e-11,-0.48727078079409697,3.1105604203496284e-11,-0.4249191945071781,2.830669032505284e-11,,,0.0
36.0,-0.10855603297631758,6.667882912481105e-11,-0.6861893513038884,4.5768722145567153e-11,-0.42215323770767677,9.009260004688713e-11,-0.4859046815353396,6.222963117030744e-11,-0.4221532377136372,9.757306074220651e-11,,,5.960454352305078e-12
37.0,-0.10668640341604635,8.468747925149955e-11,-0.6784788014121326,1.305400232354259e-12,-0.4193198274774418,9.775824594271398e-11,-0.4844244143024862,1.7873841295923398e-11,-0.41931982747148133,8.75890471263574e-11,,,5.960454352305078e-12
38.0,-0.10472098866901584,8.646999782868647e-11,-0.6706779992419463,5.271805214590586e-11,-0.4164158551124445,7.161160553437185e-11,-0.48282271233580953,5.429659499789352e-11,-0.4164158551154247,8.677503160470224e-13,,,2.980227176152539e-12
39.0,-0.10266988707315126,4.1402770101228725e-11,-0.662782837163159,5.666578317686799e-11,-0.41343812361629884,2.1886048529040636e-11,-0.48109200632241206,2.7948934833155192e-11,-0.41343812361629884,4.377076479045172e-11,,,0.0
40.0,-0.10054289691660198,6.487410608713162e-11,-0.6547891950882294,3.045064200790648e-11,-0.41038334072055593,2.0279555812408034e-11,-0.4792244292122796,3.419081684441494e-11,-0.41038334072055593,4.055911162481607e-11,,,0.0
41.0,-0.09834950482675711,7.660327927538901e-11,-0.6466929282532943,3.928557479326855e-11,-0.4072481116725428,1.4874768083927847e-11,-0.4772118235377337,1.8668622203676932e-11,-0.4072481116725428,2.9749536167855695e-11,,,0.0
42.0,-0.09609887055914014,1.7379708783238357e-11,-0.6384898556787084,4.4671599752632574e-11,-0.4040289315463632,2.7318813877741377e-11,-0.4750457510455405,1.0934267380413587e-11,-0.4040289315463632,5.4638071844692604e-11,,,0.0
43.0,-0.09379980849612783,2.7070179431376573e-11,-0.6301757493806044,2.5833335470792917e-11,-0.4007221771307057,5.71014346917309e-11,-0.4727175050469927,7.246724054166265e-11,-0.4007221771336859,4.043121393237925e-11,,,2.980227176152539e-12
44.0,-0.09146076721447848,7.239214783183456e-11,-0.6217463239281602,8.779410531900567e-11,-0.397324098327894,7.631584253431356e-11,-0.4702181253190719,8.866143930141845e-12,-0.39732409833087423,3.645972412869014e-12,,,2.980227176152539e-12
45.0,-0.08908980745545543,4.582290102916886e-11,-0.6131972265730685,1.407252092633371e-11,-0.39383080898669176,3.2081004519568523e-11,-0.46753841569973836,6.764355742205908e-11,-0.39383080898669176,6.41633413067666e-11,,,0.0
46.0,-0.08669457976116483,7.39264205407153e-11,-0.6045240275339816,2.2161827928357525e-11,-0.3902382771390632,5.677613934551573e-11,-0.46466896416277464,5.907262179416506e-11,-0.39023827714204345,4.552802579382842e-11,,,2.980227176152539e-12
47.0,-0.08428230250428417,1.9716450694318155e-12,-0.5957222106505009,7.528422329983187e-12,-0.3865423146289637,4.5820902627724536e-11,-0.4616001652529744,3.2442493136386474e-11,-0.3865423146289637,9.164224934465892e-11,,,0.0
48.0,-0.08185974151519493,8.43483616286278e-11,-0.5867871641563809,3.8107850208746186e-11,-0.38273856591858935,4.466582659290452e-11,-0.4583222449770411,8.476093438236632e-11,-0.38273856591858935,8.93320972750189e-11,,,0.0
49.0,-0.07943319189064549,4.5009773685933396e-11,-0.5777141715361744,3.723388264376126e-11,-0.3788224961793676,5.2384763193913386e-11,-0.4548252874111008,8.531815531842568e-11,-0.3788224961823478,5.723377327626622e-11,,,2.980227176152539e-12
50.0,-0.07700846321179938,2.8957725106693033e-11,-0.5684984024772493,8.954870178712326e-11,-0.37478937845311855,2.6859625634756412e-11,-0.4510992630725125,1.837367757939745e-11,-0.37478937845311855,5.3720139447932524e-11,,,0.0
51.0,-0.07459086851737631,5.0325410505536183e-11,-0.5591349037502777,3.4572789076037225e-11,-0.37063427979993435,8.086908920290625e-11,-0.44713405845992965,7.213218911061858e-11,-0.3706342797969541,1.2967404927621828e-12,,,2.980227176152539e-12
52.0,-0.07218521766369487,7.382083833107345e-11,-0.5496185901016453,7.970935023138281e-11,-0.36635204639701924,1.8235857268678046e-11,-0.4429195064039848,2.2138124666781778e-11,-0.36635204639701924,3.647304680498564e-11,,,0.0
53.0,-0.06979581570342627,8.026707076780326e-11,-0.5399442348836028,8.89058826558653e-11,-0.36193728739775183,2.3595347897753527e-11,-0.4384454166563923,8.910108761917002e-11,-0.36193728739775183,4.7188475349457804e-11,,,0.0
54.0,-0.06742646584198454,1.0418887974594782e-12,-0.5301064606963366,5.294986671344759e-11,-0.35738435740791974,5.4604099020139074e-11,-0.4337016059545309,3.519962099574059e-13,-0.35738435741089997,5.395772717520231e-11,,,2.980227176152539e-12
55.0,-0.06508047773449296,1.5712764422914915e-11,-0.5200997295651227,4.8494874782534225e-11,-0.3526873374539571,6.126765761393926e-11,-0.42867792739461175,4.422914812174383e-11,-0.3526873374569373,4.027578270893173e-11,,,2.980227176152539e-12
56.0,-0.06276068012196862,7.1191386119551225e-12,-0.5099183330519175,8.268163931290928e-12,-0.34784001422860744,2.1573409725306192e-11,-0.4233642978855775,7.494005416219807e-16,-0.34784001422860744,4.3145043093772983e-11,,,0.0
57.0,-0.060469437997459616,9.708539527863991e-11,-0.49955638181858386,3.4292568784621835e-12,-0.342835857399436,3.7865488522470514e-11,-0.4177507235526013,4.627126459766373e-11,-0.342835857399436,7.572742433126223e-11,,,0.0
58.0,-0.058208673563037786,4.8511639150206065e-11,-0.48900779489805535,4.289524291323232e-11,-0.3376679947477331,5.678790770957676e-11,-0.41182732201730265,5.474232178670491e-12,-0.33766799475071335,4.692868316169552e-11,,,2.980227176152539e-12
59.0,-0.055979890262391016,6.473410696372639e-11,-0.478266288429059,6.145212116948073e-11,-0.33232918481594276,5.750400156045998e-11,-0.4055843412447357,5.879810527353868e-11,-0.3323291848129625,4.4302339574642247e-11,,,2.9802826873037702e-12
60.0,-0.05378419953138716,9.649697707558857e-11,-0.4673253638007515,8.952871777268001e-11,-0.326811786717911,7.407963131811357e-11,-0.39901217405115924,4.3916176251102e-11,-0.3268117867149308,9.734879569123223e-12,,,2.980227176152539e-12
61.0,-0.051622349265252276,9.741035755794769e-11,-0.45617829521322983,7.910927468657292e-11,-0.32110772676028543,8.626876990547316e-12,-0.3921013679864868,4.3674480698641105e-11,-0.32110772676028543,1.7253309891884783e-11,,,0.0
62.0,-0.049494753477840464,6.75903222280283e-11,-0.4448181165049057,1.1232681451645021e-12,-0.31520846132670355,5.043743200872086e-11,-0.384842629852319,1.3185869063292444e-11,-0.3152084613296838,5.349098941564989e-11,,,2.980227176152539e-12
63.0,-0.047401522366216906,3.802247405815251e-11,-0.4332376070500459,4.1902703529217433e-11,-0.30910493548832874,2.541633570274371e-11,-0.3772268245694544,3.3409830457742373e-11,-0.30910493548832874,5.083444776232682e-11,,,0.0
64.0,-0.045342492470607135,8.676132035034811e-11,-0.4214292768695331,1.0751011192411397e-11,-0.3027875366373971,1.911204527971222e-11,-0.3692449678822822,6.813746789013919e-11,-0.3027875366373971,3.822409055942444e-11,,,0.0
65.0,-0.0433172560475651,5.393141488951869e-11,-0.40938535054953296,6.335243440958038e-11,-0.2962460423867992,1.0346168366481834e-11,-0.36088821274508076,5.418879234220242e-11,-0.2962460423867992,2.0690782420729192e-11,,,0.0
66.0,-0.04132518934641674,6.659228724004151e-11,-0.39709775007535614,1.5005607867379922e-11,-0.289469561638969,4.6663783948019955e-11,-0.35214782886570445,6.178946243551309e-11,-0.289469561638969,9.332912220827438e-11,,,0.0
67.0,-0.03936547952671657,8.163397735572175e-11,-0.3845580761990477,3.1225300123338684e-11,-0.2824464676975521,6.981248912296678e-11,-0.34301517545434046,3.332337183969969e-11,-0.2824464676945719,1.7463808177353712e-12,,,2.980227176152539e-12
68.0,-0.037437150049825965,2.53768950297939e-11,-0.37175758841222606,3.80503406560706e-11,-0.2751643219138585,1.0617284829095297e-11,-0.3334816667243411,9.514401766441694e-11,-0.2751643219138585,2.123656805963492e-11,,,0.0
69.0,-0.03553908375783127,3.449435181934746e-11,-0.35868718307117897,9.839212777862372e-12,-0.2676097860441934,5.812217374057127e-11,-0.3235387300974476,6.035219546340898e-11,-0.26760978604121316,1.814681738210311e-11,,,2.980227176152539e-12
70.0,-0.03367004445042446,1.1441736447181938e-11,-0.3453373696861367,1.2171874619326672e-11,-0.2597685210054106,1.956623751908637e-11,-0.3131777566365686,7.188830086768405e-11,-0.2597685210054106,3.913402935040722e-11,,,0.0
71.0,-0.03182869602991499,3.7837788458006116e-11,-0.3316982449336469,4.856151591958735e-11,-0.2516250692749501,1.874611577079577e-12,-0.3023900434676946,7.076060570820886e-11,-0.2516250692749501,3.750555421788704e-12,,,0.0
72.0,-0.0300136197627345,5.691835891497021e-11,-0.3177594641655551,5.058786722855757e-12,-0.24316271723391375,4.8500981009169664e-11,-0.2911667276664269,7.24616477931761e-11,-0.24316271723391375,9.700040770610485e-11,,,0.0
73.0,-0.028223329609750922,1.72938330322836e-11,-0.30351021014040913,6.073599956302189e-12,-0.234363332958989,3.147104798983946e-11,-0.2794987106316064,7.532821588718264e-11,-0.234363332958989,6.294387233651833e-11,,,0.0
74.0,-0.02645628533929039,2.2885082717749583e-11,-0.28893915840508155,1.3856013558743996e-11,-0.22520717347891184,1.150668449412251e-11,-0.26737657196852405,8.847123034172455e-11,-0.22520717347891184,2.301203672061547e-11,,,0.0
75.0,-0.024710904185805342,4.5700332407250244e-11,-0.2740344390285886,1.4056533714779107e-11,-0.21567265394952467,2.025157819218748e-12,-0.25479047128431004,6.163707738648938e-11,-0.21567265394952467,4.048650303900558e-12,,,0.0
76.0,-0.02298557043430137,1.6825429938194247e-11,-0.25878359405629625,1.2864570519965923e-12,-0.2057360685073491,8.189454669960128e-11,-0.24173003529673948,2.1527397919829383e-11,-0.20573606851330956,3.891087452245756e-11,,,5.960454352305078e-12
77.0,-0.02127864374114497,3.404641846227463e-11,-0.24317353001693875,3.9414423114170205e-11,-0.19537124953368007,6.161726684439373e-11,-0.22818422732390412,8.031347809023259e-11,-0.19537124952771961,6.774680816334921e-11,,,5.960454352305078e-12
78.0,-0.019588465762100632,9.72420199918389e-11,-0.22719046475527835,3.998400222027243e-11,-0.1845491470007745,9.957423774409335e-11,-0.21414119441022278,4.163825881309258e-11,-0.18454914700673497,2.0451751403527396e-11,,,5.9604821078806935e-12
79.0,-0.017913365516748266,6.093889282077214e-11,-0.2108198677440139,2.322056436021569e-11,-0.17323730339070384,2.3784973990359504e-11,-0.19958808524617644,1.1561866047893332e-11,-0.17323730339070384,4.757128024834856e-11,,,0.0
80.0,-0.016251663870752563,6.329711060848453e-11,-0.19404639248019445,1.950135886108484e-11,-0.16139918915126222,4.250189089560763e-11,-0.1845108298933865,7.97362210980257e-11,-0.16139918915126222,8.50026160570394e-11,,,0.0
81.0,-0.014601676253834715,1.1902485941295282e-11,-0.17685380013167115,6.303726984846492e-11,-0.1489933501826698,6.50060283380327e-11,-0.1688938674152366,3.818002684841115e-11,-0.14899335018863025,8.535450124469435e-12,,,5.960454352305078e-12
82.0,-0.012961715330060434,8.187688027572193e-11,-0.15922487215668932,5.392662531800152e-11,-0.13597229596063087,3.9928227391072824e-11,-0.15271980167197596,1.567838046889758e-11,-0.13597229596063087,7.985556660372595e-11,,,0.0
83.0,-0.011330091999197999,1.4229367684137628e-11,-0.1411413107641339,1.100089637440238e-11,-0.12228102349886064,7.556005821029999e-11,-0.135968955287251,6.003890960781799e-12,-0.12228102348693971,6.740041857966617e-11,,,1.1920922582397964e-11
84.0,-0.009705116350392555,3.917965257782541e-11,-0.12258362370967413,8.671726054246265e-11,-0.10785501735103278,3.058676922851333e-11,-0.11861877627195755,6.606403748707357e-11,-0.10785501735103278,6.117437112429513e-11,,,0.0
85.0,-0.00808509751911497,1.9246368387904056e-11,-0.10353099118667405,8.560494327292112e-12,-0.09261747588484859,1.6060909546755653e-11,-0.10064302589905072,1.4459107522402093e-11,-0.09261747588484859,3.21226933941432e-11,,,0.0
86.0,-0.006468343114957156,3.805479195650996e-11,-0.08396111099716963,7.339294189750989e-11,-0.07647535861201829,2.24102333912235e-11,-0.08201063138568182,9.752608985148792e-12,-0.07647535861201829,4.481979370973832e-11,,,0.0
87.0,-0.004853158172590464,4.936597745169857e-11,-0.06385001673386415,6.090898342333076e-11,-0.059313571874489344,4.820478738398748e-11,-0.06268400923841605,1.6961106998059083e-13,-0.059313571874489344,9.640908904540169e-11,,,0.0
88.0,-0.0032378437212541938,1.5908399163960807e-11,-0.04317186124837944,9.352531941307857e-11,-0.04098608458158477,8.876274108088333e-11,-0.04261651686861721,8.373094944713437e-11,-0.04098608462926849,6.792675883576793e-11,,,4.768371808516747e-11
89.0,-0.0016206951635092464,2.6417430417681464e-11,-0.021898663736831712,3.861297840763821e-11,-0.021301710356742,4.3916810075692037e-11,-0.02174840090719532,3.213896001815018e-11,-0.021301710356742,8.783380034578514e-11,,,0.0
90.0,,,,,,,,,,,,,
91.0,-0.006910773411589544,1.962796082350532e-11,-0.0218190037042452,1.8009176563594457e-11,-0.021741448049363184,6.395590150480427e-11,-0.020168178236773436,5.3681491652031454e-11,-0.0217414480970469,9.82905221616644e-12,,,4.768371461572052e-11
92.0,-0.013705918119741749,8.562204764639425e-13,-0.04286306303678197,2.4526473808449047e-11,-0.04256885422995254,8.331741376601262e-11,-0.037328124716694666,6.779412101143301e-13,-0.04256885427763625,7.015663099291594e-11,,,4.7683711146273566e-11
93.0,-0.020368589457130402,5.073004473096776e-11,-0.06317589527212686,8.414843312171821e-12,-0.0625445828190854,4.6179050221337864e-11,-0.052447263561116605,7.789883321729363e-12,-0.0625445828190854,9.235858323790314e-11,,,0.0
94.0,-0.02688380367466553,3.502699129007136e-11,-0.0827970901006502,9.341044214170036e-11,-0.08172148685163164,4.307252688198759e-12,-0.06605098300034601,2.895488016019243e-11,-0.08172148685163164,8.613879791743995e-12,,,0.0
95.0,-0.033238284577086406,6.12531553256801e-12,-0.10176269850887472,2.7270614802801796e-11,-0.10014509175831357,4.7787062067844444e-11,-0.07846473988555464,6.024659937597932e-11,-0.10014509175831357,9.557478810109932e-11,,,0.0
96.0,-0.03942031513124115,5.624225564437868e-11,-0.1201057145757302,2.276905703910148e-11,-0.11785515259662487,2.1940360986349994e-11,-0.08990808472657302,2.1018492502022923e-11,-0.11785515259662487,4.3879950888114916e-11,,,0.0
97.0,-0.045419594128839794,3.91313804276594e-11,-0.13785647448988003,4.02750194306023e-11,-0.13488679490754996,4.401567652023708e-11,-0.10053830130321426,9.862965999474227e-11,-0.13488679490754996,8.803047180094836e-11,,,0.0
98.0,-0.05122710209984788,4.189883856531296e-11,-0.15504298695018107,6.629105250843814e-12,-0.15127137101971594,8.456457669531181e-11,-0.11047322477719197,1.419900308441413e-11,-0.15127137103163685,5.316209451822207e-11,,,1.1920908704610156e-11
99.0,-0.05683497628578606,6.28840330502145e-11,-0.17169121135247659,2.3784817865246666e-11,-0.1670371162965183,5.930775055090765e-11,-0.1198042474968749,3.252936808806339e-11,-0.16703711630247875,3.983289392772704e-12,,,5.960454352305078e-12
100.0,-0.06223639624649853,3.0903044012653424e-11,-0.187825293061045,9.248464494238107e-11,-0.18220966152147933,5.817745937775065e-11,-0.1286042345893229,6.798728247048302e-12,-0.18220966151551887,1.6968922794680097e-11,,,5.960454352305078e-12
101.0,-0.06742547943281696,8.660214906308639e-12,-0.2034677637755698,8.6484257255659e-12,-0.19681243987875385,7.236605412130892e-12,-0.13693259810359526,1.5750123427693552e-11,-0.19681243987875385,1.4474345333415073e-11,,,0.0
102.0,-0.0723971874880612,3.863741618315153e-11,-0.21863971364550883,3.5188872649083436e-11,-0.21086701501708827,9.47784697946652e-11,-0.14483868945672299,8.336720203061532e-12,-0.2108670150111278,3.699867495710052e-11,,,5.960454352305078e-12
103.0,-0.07714724232470063,5.626549573478634e-11,-0.23336093949492126,4.1311148946121534e-11,-0.22439334879387912,4.396687180996395e-11,-0.15236414805932275,7.461087303539671e-11,-0.22439334879387912,8.79349856819367e-11,,,0.0
104.0,-0.08167205192849467,2.6868843955307753e-11,-0.24765007380691695,9.935739730959625e-12,-0.23741002270642392,3.561595116052807e-11,-0.15954457600342556,1.0459522137296062e-11,-0.23741002270642392,7.123318601642836e-11,,,0.0
105.0,-0.08596864493643483,9.409555079553655e-11,-0.2615246971618554,4.600667069531994e-12,-0.2499344224875025,1.4666694941878333e-11,-0.16641076280677186,8.610656632157543e-11,-0.2499344224875025,2.9334736029174024e-11,,,0.0
106.0,-0.09003461384544142,9.780185689090004e-11,-0.2750014368234272,9.61983132041766e-11,-0.26198289364965494,2.6139201914077148e-11,-0.17298960084476983,5.059841434729151e-11,-0.26198289364965494,5.22778764722176e-11,,,0.0
107.0,-0.09386806639881533,5.4447002462154614e-12,-0.2880960537614327,3.152866856481751e-12,-0.27357087333065333,7.226858000919378e-11,-0.1793047829513228,2.298994328242543e-11,-0.2735708733366138,4.3853046194364254e-11,,,5.960454352305078e-12
108.0,-0.09746758364841165,7.837967774815269e-11,-0.3008235194940888,9.939821188353903e-11,-0.2847130028389889,1.5225737337587475e-12,-0.18537734316407725,2.423283795849329e-12,-0.2847130028389889,3.0435931552830198e-12,,,0.0
109.0,-0.10083218543162925,6.113992992440309e-11,-0.31319808454992326,2.1403906425021546e-11,-0.2954232240226614,9.744360179864131e-11,-0.19122608224197257,3.646905000209699e-11,-0.29542322402862187,3.501185452670086e-12,,,5.960454352305078e-12
110.0,-0.10396130197575922,1.6554473070140574e-11,-0.325233339574454,8.725076217075411e-12,-0.3057148623103665,3.9604750035060476e-11,-0.19686790712560742,6.283629172543215e-11,-0.3057148623103665,7.921097111562858e-11,,,0.0
111.0,-0.10685475100980152,7.459372008966625e-11,-0.3369422699399648,2.5792701308091637e-11,-0.31560069816554426,7.118980405174113e-11,-0.20231810515436363,7.775524668574008e-11,-0.3156006981595838,6.393466311926943e-11,,,5.960454352305078e-12
112.0,-0.10951272064601132,3.0667721834243267e-11,-0.34833730499086124,2.4400148568304303e-11,-0.32509302883678926,3.010870719410974e-11,-0.2075905679772095,3.1317615167836266e-11,-0.32509302883678926,6.021634579855828e-11,,,0.0
113.0,-0.11193575676755643,7.463567632849666e-11,-0.359430362472972,2.2180618453049306e-11,-0.3342037216563225,2.8740884672195932e-11,-0.21269797636881854,1.886935052652916e-12,-0.3342037216563225,5.748072851030628e-11,,,0.0
114.0,-0.11412475518454618,7.903119218083399e-11,-0.3702328887189995,4.2800929467290416e-11,-0.3429442599117257,2.2095554552681307e-11,-0.2176519541824035,4.9723114514677036e-11,-0.3429442599117257,4.419171972802616e-11,,,0.0
115.0,-0.11608095767628301,3.4618002908715084e-12,-0.3807558952576925,7.896200360235639e-11,-0.35132578233997763,4.8146597819709314e-11,-0.2224631976917923,9.14601727686204e-13,-0.35132578233997763,9.629377850650656e-11,,,0.0
116.0,-0.11780595177668608,3.2802614791105356e-12,-0.3910099921566832,3.085659505686067e-11,-0.3593591169232876,6.991422718538587e-11,-0.22714158519244748,3.306288576254701e-11,-0.35935911691732714,7.897021925273862e-11,,,5.960454352305078e-12
117.0,-0.1193016736829975,4.74534300742846e-11,-0.40100541862351125,6.730754842365627e-11,-0.36705480966621673,2.2788562703546233e-11,-0.23169627049134944,1.642352920327994e-11,-0.36705480966621673,4.557684785133631e-11,,,0.0
118.0,-0.12057041402551208,7.336375257294137e-11,-0.4107520710078857,5.018502280407233e-11,-0.37442314902762175,9.72594227377499e-12,-0.23613576331365993,1.7116530415250963e-11,-0.37442314902762175,1.9452994770574605e-11,,,0.0
119.0,-0.12161482606917613,4.7895222510252466e-11,-0.4202595287773884,2.5834223649212618e-11,-0.3814741863590876,5.3133678012962093e-11,-0.24046799884346068,3.2573943542502093e-13,-0.38147418635610736,4.957340093980633e-12,,,2.980227176152539e-12
120.0,-0.12243793551259102,8.221616443204738e-11,-0.42953707847854095,8.049005906229922e-11,-0.3882177529041708,8.13863143545035e-11,-0.2447003982701501,4.331113245825691e-11,-0.3882177529101313,6.038824995613368e-11,,,5.960454352305078e-12
121.0,-0.12304315171752772,2.7370022914752212e-11,-0.4385937360289409,4.421735200210719e-11,-0.3946634738174126,7.424914849618602e-11,-0.2488399218246543,8.58335624798201e-12,-0.3946634738233731,7.516448574662604e-11,-0.002821494318570412,2.1371088695910055e-12,5.960454352305078e-12
122.0,-0.12343427977290705,5.847766715305625e-11,-0.44743826761465033,3.615474586382561e-11,-0.4008207793998137,8.202846735194669e-11,-0.25289311550946925,3.06588088250237e-11,-0.4008207793938532,5.991879215017093e-11,-0.015519101486493263,1.1376342142627172e-11,5.960509863456309e-12
123.0,-0.12361553222499334,6.010941744349907e-11,-0.4560792091689928,8.257272643419356e-11,-0.40669891404549185,4.8550247155887405e-11,-0.25686615247620254,8.563993958432548e-11,-0.40669891404549185,9.710043880062358e-11,-0.028059225747409475,5.978519415639205e-11,0.0
124.0,-0.12359154059301161,3.184291719193766e-11,-0.4645248848559542,4.017342014606129e-12,-0.4123069432035035,2.387541553350303e-11,-0.2607648698493237,7.567679816133932e-11,-0.4123069432035035,4.775180251215261e-11,-0.04043948062675751,2.8734315274392408e-12,0.0
125.0,-0.12336736500125797,1.0550116336105475e-11,-0.4727834245522241,8.804468265566356e-11,-0.4176537585276851,8.27459628593985e-11,-0.26459480178289896,5.126410407285675e-11,-0.4176537585217246,5.835074090576597e-11,-0.05265800607818784,4.999626233848087e-11,5.960509863456309e-12
126.0,-0.12294850195154501,2.561120759914104e-11,-0.4808627804947726,4.057865155004947e-12,-0.4227480815363791,9.742438800142139e-11,-0.268361209090059,6.63145094392803e-11,-0.42274808153041865,2.8631902404541165e-11,-0.06471342270719666,5.777960401798232e-11,5.960454352305078e-12
127.0,-0.12234088866242013,8.197595380288192e-11,-0.4887707432250926,4.224376404238228e-11,-0.42759846610390684,9.823988844637199e-11,-0.2720691061187338,3.2235547564596345e-11,-0.4275984660979464,2.6505492245476603e-11,-0.07660477683948674,9.386589075455198e-11,5.960454352305078e-12
128.0,-0.12155090368905352,4.3639813984697184e-11,-0.49651495706256554,3.5420555377640994e-12,-0.4322132998553183,5.3608631422896735e-11,-0.27572328521339784,5.5144333543921675e-11,-0.43221329985829854,3.959388372720696e-12,-0.08833148482638814,7.916856406553485e-11,2.980227176152539e-12
129.0,-0.12058536234560191,1.664501869669266e-12,-0.5041029350294641,3.88171716991792e-11,-0.4366008048101211,2.6067328851020477e-11,-0.27932833900720627,9.5915941855651e-11,-0.4366008048101211,5.2134324635133567e-11,-0.09989329718670457,2.3190917936011246e-11,0.0
130.0,-0.11945150681083737,7.295367088211435e-11,-0.5115420735196545,6.8544170339635e-11,-0.44076903728095373,8.40835734372547e-12,-0.2828886809796377,7.689404668553834e-12,-0.44076903728095373,1.6817880421626796e-11,-0.11129025588210523,7.843287130882004e-11,0.0
131.0,-0.11815698939116348,8.233458359541146e-11,-0.5188396667646442,6.408551467274037e-11,-0.4447258874265501,9.63281260313309e-11,-0.2864085644048092,8.060396794462577e-11,-0.4447258874325106,2.7049584794269776e-11,-0.1225226584589709,2.7880892039533478e-11,5.960509863456309e-12
132.0,-0.11670984906022769,6.222083959173119e-11,-0.5260029211446564,7.6453732233972e-11,-0.4484790784053537,3.379858892760268e-12,-0.28989210005405636,9.843503789852548e-11,-0.4484790784053537,6.759329207461917e-12,-0.13359102829375574,5.100399963486879e-11,0.0
133.0,-0.11511848008303716,4.130334962937354e-11,-0.5330389695473885,4.055644708955697e-11,-0.4520361653026338,6.028683802172807e-11,-0.2933432726289328,4.00803834565977e-11,-0.45203616530859425,9.676971723937555e-11,-0.14449608445688036,4.400539654891844e-11,5.960454352305078e-12
134.0,-0.11339159305836316,2.1671553440683056e-11,-0.5399548859234671,7.071232488442547e-11,-0.455404534087405,5.304812145112692e-11,-0.2967659563895483,8.985567845343212e-11,-0.4554045340844248,1.8940127244349014e-12,-0.15523871787087284,1.3683928989927097e-11,2.980227176152539e-12
135.0,-0.11153816823638468,3.8115732792221024e-11,-0.546757699996872,4.588018853723952e-11,-0.45859140043821467,4.552921234468599e-11,-0.300163929823271,8.739364787402337e-11,-0.45859140043821467,9.105874387849155e-11,-0.1658199668963084,8.962421083058558e-12,0.0
136.0,-0.10956740113541152,7.069600460596348e-11,-0.5534544124522014,7.777667399011534e-12,-0.4616038088252321,5.625801907660488e-11,-0.30354088972334503,8.06317235202414e-11,-0.46160380882821234,6.054240442310288e-12,-0.17624099825832235,5.77404096757661e-12,2.980227176152539e-12
137.0,-0.10748864167362215,9.878597939660949e-12,-0.5600520106106928,5.119782375828663e-11,-0.4644486316280997,2.5897624322812618e-11,-0.3069004646654996,2.152833467050641e-11,-0.4644486316280997,5.179477680083977e-11,-0.18650308816385933,8.361002168388865e-11,0.0
138.0,-0.10531132714960256,7.59250440296455e-11,-0.5665574848214993,8.549672081414883e-11,-0.46713256855776797,3.5186506486262203e-12,-0.3102462281328917,4.886091531375314e-12,-0.46713256855776797,7.037329052828056e-12,-0.19660760666141502,4.9786334777035535e-11,0.0
139.0,-0.10304491088366688,6.952655118297457e-11,-0.5729778456397473,8.312783794650613e-11,-0.46966214634059045,9.14942704932642e-11,-0.3135817112297773,3.7100766903108706e-11,-0.46966214633463,2.4433552403557712e-11,-0.2065560023822468,3.985053953492468e-11,5.960454352305078e-12
140.0,-0.10069878795047152,5.670242053668062e-11,-0.5793201421609266,9.041090098804716e-11,-0.47204371867064077,9.370040854328465e-11,-0.3169104152223272,6.257327989089845e-11,-0.4720437186766012,1.7938775465076162e-11,-0.21634978976113917,8.018941760612464e-11,5.960454352305078e-12
141.0,-0.09828221933806679,1.7480739078479246e-11,-0.5855914814996879,8.295808484604095e-11,-0.4742834666031025,2.9494531816887104e-11,-0.3202358239959985,6.481548631143141e-11,-0.4742834666031025,5.89892301672279e-11,-0.22599053854598533,2.54893120499311e-11,0.0
142.0,-0.09580425729904117,1.7725598766560324e-11,-0.5917990498064372,4.9324988538046455e-11,-0.4763873991205141,3.611808768733127e-11,-0.32356141639965574,9.108869214458082e-11,-0.4763873991205141,7.223645293041869e-11,-0.23547986216296146,9.932599187578717e-11,0.0
143.0,-0.09327367296664195,5.539552150324312e-11,-0.5979501350839966,5.0757176239812907e-11,-0.4783613542354539,8.647506322123633e-11,-0.3268906788281114,9.14601727686204e-12,-0.47836135422949344,2.5338953157927335e-11,-0.2448194089427233,3.9957356867681426e-11,5.960454352305078e-12
144.0,-0.09069888866774248,1.736755184111871e-11,-0.6040521519592934,1.203848132291796e-11,-0.48021100031376396,7.02916683192889e-11,-0.3302271178106265,2.3550272842953746e-11,-0.4802110003078035,5.5080648375671615e-11,-0.2540108552539505,2.84446077802869e-12,5.960454352305078e-12
145.0,-0.08808791655390052,6.29553631448232e-11,-0.6101126690895746,1.4179990515117424e-11,-0.4819418378626892,6.16526517338567e-11,-0.3335742730404859,3.644329282792569e-11,-0.4819418378567287,6.958933429501712e-11,-0.263055896538809,4.372142231590104e-11,5.960454352305078e-12
146.0,-0.08544830488565394,3.028166606355853e-11,-0.6161394392865938,7.599920692769047e-12,-0.4835592015693555,7.407959662364405e-11,-0.3369357306906755,2.8470559243487514e-12,-0.48355920157531596,4.181555102178436e-11,-0.271956242353844,3.5323022284927674e-11,5.960454352305078e-12
147.0,-0.08278709316214472,9.536743617033494e-11,-0.6221404331097884,1.7647994177139026e-11,-0.4850682627564824,4.5972493173396245e-11,-0.3403151373136849,6.798162033305744e-11,-0.4850682627564824,9.194487532449003e-11,-0.28071361007573037,1.141060856912901e-11,0.0
148.0,-0.08011077709743074,8.854489363940843e-11,-0.6281238764291261,2.73101541381493e-11,-0.4864740320526697,5.1447079235655835e-11,-0.3437162142896736,9.735545702937998e-11,-0.48647403205863016,8.078539226463732e-11,-0.28932971994216544,8.296251186035164e-11,5.960454352305078e-12
149.0,-0.0774252834434837,6.221129167371942e-11,-0.634098292720561,8.637923709642337e-11,-0.4877813624679979,4.540834375177383e-11,-0.34714277308525904,5.019762383540183e-11,-0.4877813624679979,9.08167707702745e-11,-0.29780629161864236,2.115151803705473e-12,0.0
150.0,-0.07473595499366163,3.57439633447143e-11,-0.6400725508331926,2.796596287879538e-11,-0.48899495264844195,5.8660160062729005e-12,-0.35059873141829667,4.161382349820997e-11,-0.48899495264844195,1.173210140148484e-11,-0.30614503904860824,6.494436238790868e-11,0.0
151.0,-0.07204754514676455,2.9246494115398036e-11,-0.6460559195752003,1.779287828185261e-11,-0.4901193504879116,8.538668383462067e-11,-0.3540881303644122,9.264833344957424e-11,-0.4901193504819511,2.269080756622799e-12,-0.314347667973911,5.692618598729382e-11,5.960509863456309e-12
152.0,-0.0693642216502067,7.01222413468372e-12,-0.6520581299410916,1.465638721498408e-11,-0.49115895684758193,2.0614053866663262e-11,-0.35761515279867817,2.346878247294626e-11,-0.49115895684758193,4.122842345299915e-11,-0.3224158730737774,2.8625310455332453e-11,0.0
153.0,-0.06668957813947532,7.891243214430688e-12,-0.6580894470068206,7.24383886208102e-11,-0.49211802962093065,2.6754303633635956e-11,-0.36118414322011916,7.863421025433581e-11,-0.49211802962093065,5.3508697472892663e-11,-0.3303513351037888,8.229667294856746e-11,0.0
154.0,-0.06402665290167242,5.6481597177082676e-11,-0.6641607530663484,2.8722024758565112e-11,-0.4930006878583777,7.368815453656641e-11,-0.3647996290782522,6.050404621760208e-11,-0.49300068786433815,1.3535162574074278e-11,-0.3381557195607383,7.799778184436335e-12,5.960454352305078e-12
155.0,-0.06137795319420944,4.773631490095909e-11,-0.6702836446799212,3.5204839043956326e-11,-0.4938109161780305,2.3973031892943197e-11,-0.3684663441619499,2.0875745576631743e-11,-0.4938109161780305,4.7945803577365e-11,-0.3458306732494022,1.857953201012119e-11,0.0
156.0,-0.058745484260347494,1.5246137685664962e-11,-0.6764705464831775,9.482248319869768e-11,-0.4945525692002687,1.0226002336577444e-11,-0.3721892538837297,5.042588568926476e-11,-0.4945525692002687,2.0452056714859168e-11,-0.3533778242825413,6.647266244386163e-11,0.0
157.0,-0.056130781539547384,1.602540322664936e-11,-0.6827348455598568,2.9000135626233714e-12,-0.49522937620882723,3.345434346213594e-11,-0.37597358317472696,7.323674999781815e-11,-0.49522937620882723,6.690840936851572e-11,-0.36079878055502057,1.5804814054720673e-11,0.0
158.0,-0.05353494504742727,2.56269450105151e-11,-0.6890910516590816,1.3959389200124406e-11,-0.4958449458953265,3.556677868887803e-11,-0.3798248471453245,9.586187399435175e-11,-0.4958449458953265,7.113381411683051e-11,-0.36809512745499207,2.4861316130775357e-11,0.0
159.0,-0.050958674971656265,1.7631174298315955e-11,-0.6955549890030999,6.104328154066252e-11,-0.49640277112764297,4.892847411952506e-12,-0.38374888478561653,4.6239678752613145e-11,-0.49640277112764297,9.785713905863247e-12,-0.37526842824536405,5.521791704432566e-11,0.0
160.0,-0.048402307339372896,6.557365761494793e-12,-0.7021440284831355,3.439210027877948e-11,-0.49690623390901656,2.057428706569997e-11,-0.3877518965997824,3.937061787695484e-11,-0.49690623390901656,4.114881872741005e-11,-0.3823202240638007,6.639388778345579e-11,0.0
161.0,-0.04586584932697649,4.959596622278184e-11,-0.7088773711390723,9.030348691041468e-11,-0.49735861027755157,9.497322589827051e-11,-0.3918404862816519,9.016087876290158e-11,-0.4973586102894725,6.334704809318747e-11,-0.3892520301080259,3.527417941073807e-12,1.1920908704610156e-11
162.0,-0.04334901330629887,2.4962087952218326e-11,-0.7157763972042475,6.089873050285632e-11,-0.49776307539645365,7.803311209003683e-11,-0.3960217072301701,6.646583283753671e-11,-0.4977630753845327,8.610080877435866e-11,-0.3960653394505194,4.38707308328401e-11,1.1920964215761387e-11
163.0,-0.04085124919800519,7.723224837441478e-11,-0.7228651016961861,7.394440615371423e-11,-0.49812270845353096,3.493997192266507e-11,-0.4003031148584321,8.044198640533295e-11,-0.49812270845353096,6.98801598184029e-11,-0.4027616207496992,2.184160101045829e-11,0.0
164.0,-0.03837177498917184,2.970793056000787e-11,-0.7301706431131092,9.341027951137448e-12,-0.49844049788256184,5.794018715331306e-11,-0.4046928253161778,5.5898063955339694e-11,-0.4984404978885223,6.401751524720556e-12,-0.4093423167240425,4.159745898429934e-12,5.960454352305078e-12
165.0,-0.035909605009728715,1.0936390681948183e-11,-0.7377240451474811,6.084910353365558e-12,-0.4987193464058468,7.283403784599796e-11,-0.40919958169863013,3.645433954702071e-11,-0.4987193463939259,6.122887266646337e-11,-0.4158088472038426,1.5326371899035407e-11,1.1920908704610156e-11
166.0,-0.03346357572934934,6.646375116936554e-11,-0.7455611071111777,5.2800930294694126e-11,-0.49896207604099924,1.2777027699750754e-11,-0.4138328292437139,8.487804903367646e-11,-0.49896207604099924,2.555390274383562e-11,-0.4221626068423924,2.0173684771307432e-11,0.0
167.0,-0.03103236936088974,8.712849886016727e-11,-0.7537236052789976,1.5380224871464065e-11,-0.4991714333699955,3.719417373919398e-11,-0.4186028008527976,3.857969499421188e-11,-0.4991714333699955,7.438819915953077e-11,-0.4284049666418617,5.206752195195674e-11,0.0
168.0,-0.028614534936590226,3.8083147746448276e-11,-0.7622609087943936,2.595917925063418e-11,-0.4993500945459647,4.638890356914449e-11,-0.4235206146277323,6.355754811337988e-11,-0.4993500945459647,9.27778971270693e-11,-0.4345372724274187,3.326889154789403e-11,0.0
169.0,-0.02620850700009162,3.6735475772431414e-11,-0.7712322026365742,8.521375272074749e-11,-0.4995006703953474,7.061635206705857e-11,-0.42859838604679157,2.3881563393501892e-11,-0.4995006703834265,1.464457721755963e-11,-0.4405608471360487,1.3728145790287138e-11,1.1920908704610156e-11
170.0,-0.023812622534154317,8.968897846628465e-11,-0.7807096243029521,4.576253265220487e-11,-0.49962571156773516,9.090884837449631e-12,-0.4338493571636959,9.888867502638732e-12,-0.49962571156773516,1.818190650121343e-11,-0.44647699081655406,5.224062919447284e-11,0.0
171.0,-0.02142513536113988,6.359385240628512e-12,-0.7907828262346669,1.9108187254701647e-11,-0.4997277136380293,4.180659835787033e-11,-0.43928804609605976,4.456945923436706e-11,-0.4997277136380293,8.361309756545199e-11,-0.4522869821554323,2.0498387329984796e-11,0.0
172.0,-0.019044228731511903,8.082209207449509e-11,-0.8015658562428527,5.992924212439021e-11,-0.4998091221847563,2.588728168460841e-11,-0.4449304214524201,3.174840945696644e-11,-0.4998091221847563,5.177463124027282e-11,-0.4579920784768773,9.716727409118074e-11,0.0
173.0,-0.01666802638645789,2.3306828689229064e-11,-0.8132079981151121,6.280360953514474e-11,-0.499872337820699,9.560325552320382e-11,-0.4507941061324334,6.450225076282123e-11,-0.49987233779685714,1.1038543451698246e-11,-0.4635934943804739,6.202775376933523e-11,2.3841872920371543e-11
174.0,-0.014294602094631972,1.64044541839381e-11,-0.8259118091250741,2.6269424135971775e-11,-0.4999197212712131,2.1968459793268377e-11,-0.45689861774816654,2.804712018189548e-11,-0.4999197212712131,4.3936845671053645e-11,-0.4690924688798695,1.6299759292130473e-11,0.0
175.0,-0.011921987376917019,9.542701698284084e-11,-0.8399652928070171,5.913151912562142e-11,-0.4999535985955935,7.279305369605913e-12,-0.4632656534866096,1.737752997055253e-11,-0.4999535985955935,1.455866986888781e-11,-0.4744901860570714,8.66629290506289e-11,0.0
176.0,-0.009548178754349237,7.001292774699852e-11,-0.8558048489935222,3.2116774517643165e-12,-0.49997626600312967,8.686113051834541e-11,-0.4699194301899293,6.562855120462174e-11,-0.499976265955446,5.950674070116574e-11,-0.4797877933729942,4.1423544629498794e-11,4.7683690329591855e-11
177.0,-0.007171143088694136,2.8145888397723695e-11,-0.8741555131467724,7.381163388830991e-11,-0.4999899949075793,2.4303411824627772e-11,-0.47688709305259025,7.618925976227153e-11,-0.4999899949075793,4.860685522749085e-11,-0.4849865237377695,9.92144359997426e-11,0.0
178.0,-0.004788822923022655,9.10781294133356e-11,-0.8964121380678509,5.1283821807246444e-11,-0.4999970371246931,2.8020574430744073e-11,-0.4841992118180911,6.99244065427429e-11,-0.4999970371246931,5.60411270182025e-11,-0.49008750019825004,7.553504327532437e-11,0.0
179.0,-0.0023991402010409032,9.355905329980208e-11,-0.9261265844950464,2.7637044128919763e-12,-0.4999996297836379,1.1530475814169896e-11,-0.49189038712508293,1.938154628108868e-11,-0.4999996297836379,2.3060963749937132e-11,-0.4950906250981876,3.826512875124982e-11,0.0
